{
  "nodes": [
    [
      2.7215424,
      3.0623388
    ],
    [
      2.4831905,
      4.058306
    ],
    [
      2.704517,
      5.0968366
    ],
    [
      3.3940325,
      5.905528
    ],
    [
      4.500663,
      6.109829
    ],
    [
      5.607293,
      5.862965
    ],
    [
      6.2882967,
      4.977661
    ],
    [
      6.722436,
      3.9646683
    ],
    [
      6.3223467,
      3.0453138
    ],
    [
      5.607293,
      2.1940603
    ],
    [
      4.500663,
      1.9216585
    ],
    [
      2.7215414,
      2.3217483
    ],
    [
      2.8066678,
      1.4364438
    ],
    [
      3.743047,
      1.504544
    ],
    [
      4.471002,
      1.3145247
    ],
    [
      5.8806586,
      1.5418527
    ],
    [
      7.1650877,
      2.5515854
    ],
    [
      7.2246757,
      5.4288254
    ],
    [
      5.891981,
      6.688682
    ],
    [
      4.5611815,
      6.854851
    ],
    [
      2.9769175,
      6.807857
    ],
    [
      2.7130294,
      5.922553
    ],
    [
      5.2159905,
      6.3334913
    ],
    [
      6.3904467,
      5.726764
    ],
    [
      7.0203753,
      4.6201344
    ],
    [
      7.008404,
      3.349296
    ],
    [
      6.330859,
      2.2366233
    ],
    [
      5.1561284,
      1.589669
    ],
    [
      2.1843288,
      3.3342333
    ],
    [
      2.2278147,
      4.8159223
    ],
    [
      3.8035245,
      6.376112
    ],
    [
      3.4536207,
      2.1514976
    ],
    [
      2.1174853,
      7.228895
    ],
    [
      1.165477,
      7.271699
    ],
    [
      2.028277,
      1.0079329
    ],
    [
      6.9420156,
      1.5549543
    ],
    [
      6.9252324,
      6.3964868
    ],
    [
      1.1936829,
      0.8940518
    ]
  ],
  "edges": [
    [
      1,
      0
    ],
    [
      2,
      1
    ],
    [
      3,
      3
    ],
    [
      2,
      3
    ],
    [
      4,
      3
    ],
    [
      5,
      5
    ],
    [
      5,
      4
    ],
    [
      5,
      6
    ],
    [
      7,
      6
    ],
    [
      8,
      7
    ],
    [
      9,
      8
    ],
    [
      10,
      9
    ],
    [
      11,
      0
    ],
    [
      11,
      12
    ],
    [
      14,
      15
    ],
    [
      17,
      18
    ],
    [
      19,
      20
    ],
    [
      12,
      13
    ],
    [
      11,
      31
    ],
    [
      31,
      0
    ],
    [
      31,
      12
    ],
    [
      13,
      31
    ],
    [
      31,
      10
    ],
    [
      13,
      14
    ],
    [
      13,
      10
    ],
    [
      14,
      10
    ],
    [
      14,
      27
    ],
    [
      27,
      10
    ],
    [
      27,
      9
    ],
    [
      9,
      15
    ],
    [
      15,
      27
    ],
    [
      9,
      26
    ],
    [
      26,
      15
    ],
    [
      26,
      8
    ],
    [
      26,
      16
    ],
    [
      25,
      8
    ],
    [
      7,
      25
    ],
    [
      24,
      7
    ],
    [
      24,
      6
    ],
    [
      6,
      17
    ],
    [
      17,
      24
    ],
    [
      6,
      23
    ],
    [
      23,
      17
    ],
    [
      23,
      18
    ],
    [
      18,
      5
    ],
    [
      5,
      22
    ],
    [
      22,
      18
    ],
    [
      22,
      4
    ],
    [
      4,
      19
    ],
    [
      19,
      22
    ],
    [
      30,
      19
    ],
    [
      4,
      30
    ],
    [
      30,
      3
    ],
    [
      30,
      20
    ],
    [
      20,
      3
    ],
    [
      3,
      21
    ],
    [
      20,
      21
    ],
    [
      21,
      2
    ],
    [
      2,
      29
    ],
    [
      29,
      1
    ],
    [
      28,
      1
    ],
    [
      28,
      0
    ],
    [
      11,
      13
    ],
    [
      13,
      27
    ],
    [
      27,
      26
    ],
    [
      26,
      25
    ],
    [
      16,
      25
    ],
    [
      25,
      24
    ],
    [
      24,
      23
    ],
    [
      23,
      5
    ],
    [
      23,
      22
    ],
    [
      22,
      30
    ],
    [
      30,
      21
    ],
    [
      21,
      29
    ],
    [
      29,
      28
    ],
    [
      28,
      11
    ],
    [
      12,
      14
    ],
    [
      15,
      16
    ],
    [
      18,
      19
    ],
    [
      32,
      20
    ],
    [
      33,
      32
    ],
    [
      26,
      35
    ],
    [
      16,
      35
    ],
    [
      35,
      15
    ],
    [
      17,
      36
    ],
    [
      36,
      23
    ],
    [
      36,
      18
    ],
    [
      12,
      34
    ],
    [
      34,
      37
    ],
    [
      36,
      36
    ]
  ],
  "shoot_idxs": []
}