{
  "nodes": [
    [
      2.953268,
      3.1245203
    ],
    [
      2.7687845,
      4.026218
    ],
    [
      2.9502082,
      4.9865646
    ],
    [
      3.763962,
      5.438336
    ],
    [
      4.5620546,
      5.7307963
    ],
    [
      5.4645586,
      5.600107
    ],
    [
      6.070122,
      4.977661
    ],
    [
      6.2780213,
      4.035038
    ],
    [
      6.142536,
      3.1471896
    ],
    [
      5.3895335,
      2.4690552
    ],
    [
      4.4878197,
      2.267273
    ],
    [
      2.7215414,
      2.3217483
    ],
    [
      2.8066678,
      1.4364438
    ],
    [
      3.743047,
      1.504544
    ],
    [
      4.471002,
      1.3145247
    ],
    [
      5.8806586,
      1.5418527
    ],
    [
      7.1650877,
      2.5515854
    ],
    [
      7.2246757,
      5.4288254
    ],
    [
      5.891981,
      6.688682
    ],
    [
      4.5611815,
      6.854851
    ],
    [
      2.9769175,
      6.807857
    ],
    [
      2.7130294,
      5.922553
    ],
    [
      5.2159905,
      6.3334913
    ],
    [
      6.3904467,
      5.726764
    ],
    [
      7.0203753,
      4.6201344
    ],
    [
      7.008404,
      3.349296
    ],
    [
      6.330859,
      2.2366233
    ],
    [
      5.1561284,
      1.589669
    ],
    [
      2.1843288,
      3.3342333
    ],
    [
      2.2278147,
      4.8159223
    ],
    [
      3.8035245,
      6.376112
    ],
    [
      3.5818076,
      2.4666033
    ],
    [
      2.154146,
      7.0490837
    ],
    [
      1.4965425,
      7.2118034
    ],
    [
      2.0458171,
      1.0462556
    ],
    [
      6.9420156,
      1.5549543
    ],
    [
      6.9252324,
      6.3964868
    ],
    [
      1.4094882,
      0.8606334
    ],
    [
      3.233408,
      2.7538428
    ],
    [
      4.0001187,
      2.3285065
    ],
    [
      4.9571147,
      2.355565
    ],
    [
      5.789872,
      2.7968206
    ],
    [
      6.281837,
      3.5744631
    ],
    [
      6.189022,
      4.5052733
    ],
    [
      5.8614054,
      5.298669
    ],
    [
      4.9523344,
      5.747863
    ],
    [
      4.1783915,
      5.646569
    ],
    [
      3.3739815,
      5.2360716
    ],
    [
      2.8242,
      4.4782143
    ],
    [
      2.8397865,
      3.535143
    ]
  ],
  "edges": [
    [
      3,
      3
    ],
    [
      5,
      5
    ],
    [
      11,
      0
    ],
    [
      11,
      12
    ],
    [
      14,
      15
    ],
    [
      17,
      18
    ],
    [
      19,
      20
    ],
    [
      12,
      13
    ],
    [
      11,
      31
    ],
    [
      31,
      12
    ],
    [
      13,
      31
    ],
    [
      13,
      14
    ],
    [
      13,
      10
    ],
    [
      14,
      10
    ],
    [
      14,
      27
    ],
    [
      27,
      10
    ],
    [
      27,
      9
    ],
    [
      9,
      15
    ],
    [
      15,
      27
    ],
    [
      9,
      26
    ],
    [
      26,
      15
    ],
    [
      26,
      8
    ],
    [
      26,
      16
    ],
    [
      25,
      8
    ],
    [
      7,
      25
    ],
    [
      24,
      7
    ],
    [
      24,
      6
    ],
    [
      6,
      17
    ],
    [
      17,
      24
    ],
    [
      6,
      23
    ],
    [
      23,
      17
    ],
    [
      23,
      18
    ],
    [
      18,
      5
    ],
    [
      5,
      22
    ],
    [
      22,
      18
    ],
    [
      22,
      4
    ],
    [
      4,
      19
    ],
    [
      19,
      22
    ],
    [
      30,
      19
    ],
    [
      4,
      30
    ],
    [
      30,
      3
    ],
    [
      30,
      20
    ],
    [
      20,
      3
    ],
    [
      3,
      21
    ],
    [
      20,
      21
    ],
    [
      21,
      2
    ],
    [
      2,
      29
    ],
    [
      29,
      1
    ],
    [
      28,
      1
    ],
    [
      28,
      0
    ],
    [
      11,
      13
    ],
    [
      13,
      27
    ],
    [
      27,
      26
    ],
    [
      26,
      25
    ],
    [
      16,
      25
    ],
    [
      25,
      24
    ],
    [
      24,
      23
    ],
    [
      23,
      5
    ],
    [
      23,
      22
    ],
    [
      22,
      30
    ],
    [
      30,
      21
    ],
    [
      21,
      29
    ],
    [
      29,
      28
    ],
    [
      28,
      11
    ],
    [
      12,
      14
    ],
    [
      15,
      16
    ],
    [
      18,
      19
    ],
    [
      32,
      20
    ],
    [
      33,
      32
    ],
    [
      26,
      35
    ],
    [
      16,
      35
    ],
    [
      35,
      15
    ],
    [
      17,
      36
    ],
    [
      36,
      23
    ],
    [
      36,
      18
    ],
    [
      12,
      34
    ],
    [
      34,
      37
    ],
    [
      36,
      36
    ],
    [
      11,
      34
    ],
    [
      31,
      38
    ],
    [
      38,
      0
    ],
    [
      31,
      39
    ],
    [
      39,
      10
    ],
    [
      10,
      40
    ],
    [
      40,
      9
    ],
    [
      9,
      41
    ],
    [
      41,
      8
    ],
    [
      8,
      42
    ],
    [
      42,
      7
    ],
    [
      7,
      43
    ],
    [
      43,
      6
    ],
    [
      5,
      44
    ],
    [
      44,
      6
    ],
    [
      5,
      45
    ],
    [
      45,
      4
    ],
    [
      4,
      46
    ],
    [
      46,
      3
    ],
    [
      2,
      47
    ],
    [
      47,
      3
    ],
    [
      2,
      48
    ],
    [
      48,
      1
    ],
    [
      1,
      49
    ],
    [
      49,
      0
    ],
    [
      32,
      21
    ]
  ],
  "shoot_idxs": []
}