{
  "nodes": [
    [
      4.5347133,
      5.8714776
    ],
    [
      5.9733324,
      5.0202236
    ],
    [
      5.973332,
      3.173002
    ],
    [
      4.517688,
      2.151497
    ],
    [
      2.9684055,
      3.0793643
    ],
    [
      2.9598937,
      4.9350977
    ],
    [
      1.7851624,
      4.0157437
    ],
    [
      1.7681375,
      2.1855476
    ],
    [
      3.1216316,
      1.2406557
    ],
    [
      4.5091753,
      0.8320532
    ],
    [
      5.820107,
      1.589669
    ],
    [
      7.1480627,
      2.509024
    ],
    [
      7.165088,
      3.9987187
    ],
    [
      7.1736,
      5.786352
    ],
    [
      5.981845,
      6.5184307
    ],
    [
      4.5517383,
      7.403735
    ],
    [
      3.2322946,
      6.7057066
    ],
    [
      1.8362365,
      5.84594
    ],
    [
      6.3393717,
      0.44898915
    ],
    [
      1.2233341,
      7.063234
    ],
    [
      1.1211848,
      0.9427166
    ],
    [
      7.7950163,
      1.078917
    ],
    [
      7.7779913,
      5.496926
    ],
    [
      7.7694783,
      6.867445
    ],
    [
      1.2063098,
      7.0632334
    ],
    [
      7.7609653,
      2.8750634
    ],
    [
      3.7345343,
      2.602662
    ],
    [
      5.258279,
      2.6877873
    ],
    [
      5.99887,
      4.041281
    ],
    [
      5.300842,
      5.4118004
    ],
    [
      3.7600715,
      5.454363
    ],
    [
      2.9854307,
      4.0072308
    ]
  ],
  "edges": [
    [
      6,
      5
    ],
    [
      4,
      6
    ],
    [
      7,
      4
    ],
    [
      6,
      7
    ],
    [
      8,
      4
    ],
    [
      7,
      8
    ],
    [
      8,
      3
    ],
    [
      9,
      3
    ],
    [
      8,
      9
    ],
    [
      10,
      3
    ],
    [
      10,
      9
    ],
    [
      10,
      2
    ],
    [
      11,
      10
    ],
    [
      11,
      2
    ],
    [
      12,
      2
    ],
    [
      11,
      12
    ],
    [
      12,
      1
    ],
    [
      13,
      13
    ],
    [
      1,
      13
    ],
    [
      13,
      12
    ],
    [
      14,
      13
    ],
    [
      14,
      1
    ],
    [
      0,
      14
    ],
    [
      14,
      15
    ],
    [
      15,
      0
    ],
    [
      15,
      16
    ],
    [
      16,
      0
    ],
    [
      17,
      17
    ],
    [
      16,
      17
    ],
    [
      17,
      5
    ],
    [
      6,
      17
    ],
    [
      18,
      18
    ],
    [
      18,
      10
    ],
    [
      18,
      11
    ],
    [
      18,
      2
    ],
    [
      18,
      3
    ],
    [
      18,
      9
    ],
    [
      19,
      17
    ],
    [
      20,
      20
    ],
    [
      20,
      7
    ],
    [
      8,
      20
    ],
    [
      15,
      19
    ],
    [
      9,
      20
    ],
    [
      21,
      21
    ],
    [
      18,
      21
    ],
    [
      21,
      11
    ],
    [
      22,
      22
    ],
    [
      13,
      22
    ],
    [
      22,
      12
    ],
    [
      23,
      13
    ],
    [
      23,
      14
    ],
    [
      10,
      21
    ],
    [
      14,
      12
    ],
    [
      13,
      0
    ],
    [
      13,
      2
    ],
    [
      1,
      11
    ],
    [
      12,
      10
    ],
    [
      11,
      3
    ],
    [
      2,
      9
    ],
    [
      10,
      8
    ],
    [
      9,
      4
    ],
    [
      3,
      7
    ],
    [
      8,
      6
    ],
    [
      7,
      5
    ],
    [
      4,
      17
    ],
    [
      6,
      16
    ],
    [
      17,
      0
    ],
    [
      5,
      15
    ],
    [
      16,
      14
    ],
    [
      19,
      0
    ],
    [
      15,
      1
    ],
    [
      16,
      5
    ],
    [
      20,
      3
    ],
    [
      17,
      14
    ],
    [
      7,
      18
    ],
    [
      20,
      4
    ],
    [
      19,
      24
    ],
    [
      24,
      16
    ],
    [
      24,
      5
    ],
    [
      1,
      22
    ],
    [
      2,
      21
    ],
    [
      2,
      25
    ],
    [
      25,
      11
    ],
    [
      12,
      25
    ],
    [
      23,
      15
    ],
    [
      21,
      9
    ],
    [
      1,
      25
    ],
    [
      2,
      22
    ],
    [
      4,
      26
    ],
    [
      26,
      3
    ],
    [
      26,
      8
    ],
    [
      3,
      27
    ],
    [
      27,
      2
    ],
    [
      27,
      10
    ],
    [
      2,
      28
    ],
    [
      28,
      1
    ],
    [
      28,
      12
    ],
    [
      0,
      29
    ],
    [
      29,
      1
    ],
    [
      29,
      14
    ],
    [
      5,
      30
    ],
    [
      30,
      0
    ],
    [
      30,
      16
    ],
    [
      4,
      31
    ],
    [
      31,
      5
    ],
    [
      31,
      6
    ],
    [
      21,
      27
    ],
    [
      11,
      27
    ],
    [
      9,
      27
    ],
    [
      9,
      26
    ],
    [
      26,
      7
    ],
    [
      20,
      26
    ],
    [
      31,
      17
    ],
    [
      7,
      31
    ],
    [
      17,
      30
    ],
    [
      19,
      30
    ],
    [
      30,
      15
    ],
    [
      29,
      15
    ],
    [
      29,
      13
    ],
    [
      29,
      23
    ],
    [
      28,
      22
    ],
    [
      28,
      13
    ],
    [
      28,
      25
    ],
    [
      28,
      11
    ],
    [
      23,
      22
    ],
    [
      22,
      25
    ],
    [
      25,
      21
    ]
  ],
  "shoot_idxs": []
}