{
  "nodes": [
    [
      2.9939432,
      4.4158335
    ],
    [
      3.0024552,
      3.6326792
    ],
    [
      3.3684952,
      2.9431634
    ],
    [
      4.015448,
      2.5515864
    ],
    [
      4.9177775,
      2.4919991
    ],
    [
      5.607293,
      2.9006004
    ],
    [
      6.024408,
      3.658217
    ],
    [
      6.015895,
      4.3732705
    ],
    [
      5.5987806,
      5.181962
    ],
    [
      4.9262896,
      5.556514
    ],
    [
      4.1516485,
      5.5309763
    ],
    [
      3.4536202,
      5.122374
    ],
    [
      2.7215424,
      3.0623388
    ],
    [
      2.4831905,
      4.058306
    ],
    [
      2.704517,
      5.0968366
    ],
    [
      3.3940325,
      5.905528
    ],
    [
      4.500663,
      6.109829
    ],
    [
      5.607293,
      5.862965
    ],
    [
      6.2882967,
      4.977661
    ],
    [
      6.722436,
      3.9646683
    ],
    [
      6.3223467,
      3.0453138
    ],
    [
      5.607293,
      2.1940603
    ],
    [
      4.500663,
      1.9216585
    ],
    [
      2.7215414,
      2.3217483
    ],
    [
      2.8066678,
      1.4364438
    ],
    [
      3.743047,
      1.504544
    ],
    [
      4.4410753,
      1.061892
    ],
    [
      5.871182,
      1.3513181
    ],
    [
      7.1650877,
      2.5515854
    ],
    [
      7.2246757,
      5.4288254
    ],
    [
      6.1095333,
      6.688682
    ],
    [
      4.500663,
      7.2505093
    ],
    [
      2.9769175,
      6.807857
    ],
    [
      2.7130294,
      5.922553
    ],
    [
      5.2327414,
      6.5780187
    ],
    [
      6.3904467,
      5.726764
    ],
    [
      7.0203753,
      4.6201344
    ],
    [
      6.9352493,
      3.3687904
    ],
    [
      6.330859,
      2.2366233
    ],
    [
      5.1561284,
      1.589669
    ],
    [
      2.1843288,
      3.3342333
    ],
    [
      2.2278147,
      4.8159223
    ],
    [
      3.9558606,
      6.5609937
    ],
    [
      3.4536207,
      2.1514976
    ],
    [
      2.1174853,
      7.228895
    ],
    [
      1.165477,
      7.271699
    ],
    [
      1.9688392,
      1.0837061
    ],
    [
      7.2417006,
      1.3853686
    ],
    [
      7.275751,
      6.680169
    ],
    [
      1.1936829,
      0.8940518
    ]
  ],
  "edges": [
    [
      0,
      1
    ],
    [
      2,
      3
    ],
    [
      4,
      5
    ],
    [
      6,
      7
    ],
    [
      8,
      9
    ],
    [
      10,
      11
    ],
    [
      12,
      1
    ],
    [
      2,
      12
    ],
    [
      13,
      0
    ],
    [
      13,
      1
    ],
    [
      13,
      12
    ],
    [
      14,
      13
    ],
    [
      0,
      14
    ],
    [
      14,
      11
    ],
    [
      15,
      15
    ],
    [
      14,
      15
    ],
    [
      11,
      15
    ],
    [
      10,
      15
    ],
    [
      16,
      15
    ],
    [
      10,
      16
    ],
    [
      9,
      16
    ],
    [
      17,
      17
    ],
    [
      9,
      17
    ],
    [
      17,
      16
    ],
    [
      18,
      8
    ],
    [
      17,
      18
    ],
    [
      18,
      7
    ],
    [
      19,
      18
    ],
    [
      7,
      19
    ],
    [
      6,
      19
    ],
    [
      20,
      6
    ],
    [
      20,
      19
    ],
    [
      5,
      20
    ],
    [
      21,
      20
    ],
    [
      5,
      21
    ],
    [
      4,
      21
    ],
    [
      22,
      21
    ],
    [
      4,
      22
    ],
    [
      22,
      3
    ],
    [
      23,
      12
    ],
    [
      23,
      24
    ],
    [
      26,
      27
    ],
    [
      29,
      30
    ],
    [
      31,
      32
    ],
    [
      24,
      25
    ],
    [
      23,
      43
    ],
    [
      3,
      43
    ],
    [
      2,
      43
    ],
    [
      43,
      12
    ],
    [
      43,
      24
    ],
    [
      25,
      43
    ],
    [
      43,
      22
    ],
    [
      25,
      26
    ],
    [
      25,
      22
    ],
    [
      26,
      22
    ],
    [
      26,
      39
    ],
    [
      39,
      22
    ],
    [
      39,
      21
    ],
    [
      21,
      27
    ],
    [
      27,
      39
    ],
    [
      21,
      38
    ],
    [
      38,
      27
    ],
    [
      38,
      20
    ],
    [
      38,
      28
    ],
    [
      37,
      20
    ],
    [
      19,
      37
    ],
    [
      36,
      19
    ],
    [
      36,
      18
    ],
    [
      18,
      29
    ],
    [
      29,
      36
    ],
    [
      18,
      35
    ],
    [
      35,
      29
    ],
    [
      35,
      30
    ],
    [
      30,
      17
    ],
    [
      17,
      34
    ],
    [
      34,
      30
    ],
    [
      34,
      16
    ],
    [
      16,
      31
    ],
    [
      31,
      34
    ],
    [
      42,
      31
    ],
    [
      16,
      42
    ],
    [
      42,
      15
    ],
    [
      42,
      32
    ],
    [
      32,
      15
    ],
    [
      15,
      33
    ],
    [
      32,
      33
    ],
    [
      33,
      14
    ],
    [
      14,
      41
    ],
    [
      41,
      13
    ],
    [
      40,
      13
    ],
    [
      40,
      12
    ],
    [
      23,
      25
    ],
    [
      25,
      39
    ],
    [
      39,
      38
    ],
    [
      38,
      37
    ],
    [
      28,
      37
    ],
    [
      37,
      36
    ],
    [
      36,
      35
    ],
    [
      35,
      17
    ],
    [
      35,
      34
    ],
    [
      34,
      42
    ],
    [
      42,
      33
    ],
    [
      33,
      41
    ],
    [
      41,
      40
    ],
    [
      40,
      23
    ],
    [
      24,
      26
    ],
    [
      27,
      28
    ],
    [
      30,
      31
    ],
    [
      9,
      10
    ],
    [
      11,
      0
    ],
    [
      1,
      2
    ],
    [
      3,
      4
    ],
    [
      5,
      6
    ],
    [
      7,
      8
    ],
    [
      8,
      17
    ],
    [
      44,
      32
    ],
    [
      45,
      44
    ],
    [
      38,
      47
    ],
    [
      28,
      47
    ],
    [
      47,
      27
    ],
    [
      29,
      48
    ],
    [
      48,
      35
    ],
    [
      48,
      30
    ],
    [
      2,
      23
    ],
    [
      11,
      33
    ],
    [
      24,
      46
    ],
    [
      46,
      49
    ]
  ],
  "shoot_idxs": []
}